-- phpMyAdmin SQL Dump
-- version 4.0.10.14
-- http://www.phpmyadmin.net
--
-- Host: localhost:3306
-- Generation Time: Jun 27, 2016 at 12:38 PM
-- Server version: 5.5.49-cll
-- PHP Version: 5.4.31

SET SQL_MODE = "NO_AUTO_VALUE_ON_ZERO";
SET time_zone = "+00:00";


/*!40101 SET @OLD_CHARACTER_SET_CLIENT=@@CHARACTER_SET_CLIENT */;
/*!40101 SET @OLD_CHARACTER_SET_RESULTS=@@CHARACTER_SET_RESULTS */;
/*!40101 SET @OLD_COLLATION_CONNECTION=@@COLLATION_CONNECTION */;
/*!40101 SET NAMES utf8 */;

--
-- Database: `ismartpa_suntrustph`
--

-- --------------------------------------------------------

--
-- Table structure for table `autoemail`
--

CREATE TABLE IF NOT EXISTS `autoemail` (
  `id` int(11) NOT NULL AUTO_INCREMENT,
  `test` timestamp NOT NULL DEFAULT CURRENT_TIMESTAMP ON UPDATE CURRENT_TIMESTAMP,
  `day` int(11) NOT NULL,
  `email` varchar(255) DEFAULT NULL,
  PRIMARY KEY (`id`)
) ENGINE=InnoDB  DEFAULT CHARSET=latin1 AUTO_INCREMENT=2 ;

--
-- Dumping data for table `autoemail`
--

INSERT INTO `autoemail` (`id`, `test`, `day`, `email`) VALUES
(1, '2016-05-23 12:01:00', 0, 'jayjaypalmero@gmail.com');

-- --------------------------------------------------------

--
-- Table structure for table `gallery`
--

CREATE TABLE IF NOT EXISTS `gallery` (
  `id` int(11) NOT NULL AUTO_INCREMENT,
  `properties_id` int(11) NOT NULL,
  `title` varchar(255) NOT NULL,
  `img_name` varchar(255) NOT NULL,
  `arrangement` int(11) NOT NULL,
  PRIMARY KEY (`id`)
) ENGINE=InnoDB  DEFAULT CHARSET=latin1 AUTO_INCREMENT=11 ;

--
-- Dumping data for table `gallery`
--

INSERT INTO `gallery` (`id`, `properties_id`, `title`, `img_name`, `arrangement`) VALUES
(6, 20, 'qq', 'img_2015-05-09-10-25-53_554dc49106d99.jpg', 4),
(8, 20, 'title', 'img_2015-05-09-10-52-45_554dcadd43730.jpg', 5),
(9, 20, '1212', 'img_2015-05-09-10-53-21_554dcb01112b0.jpg', 3),
(10, 26, '', 'img_2015-08-07-00-57-54_55c392128745f.jpg', 0);

-- --------------------------------------------------------

--
-- Table structure for table `payment`
--

CREATE TABLE IF NOT EXISTS `payment` (
  `id` int(11) NOT NULL AUTO_INCREMENT,
  `properties_id` int(11) NOT NULL,
  `user_id` int(11) NOT NULL,
  `price` int(11) NOT NULL,
  `building` varchar(255) NOT NULL,
  `floor` varchar(255) NOT NULL,
  `room_number` varchar(255) NOT NULL,
  `type_of_payment` varchar(255) NOT NULL,
  `created_at` timestamp NOT NULL DEFAULT CURRENT_TIMESTAMP ON UPDATE CURRENT_TIMESTAMP,
  `ticket_id` int(11) NOT NULL,
  PRIMARY KEY (`id`)
) ENGINE=InnoDB  DEFAULT CHARSET=latin1 AUTO_INCREMENT=125 ;

--
-- Dumping data for table `payment`
--

INSERT INTO `payment` (`id`, `properties_id`, `user_id`, `price`, `building`, `floor`, `room_number`, `type_of_payment`, `created_at`, `ticket_id`) VALUES
(28, 20, 22, 3560000, '', '', '', '4', '2015-11-24 01:40:59', 43),
(29, 21, 21, 4500000, '', '', '', '4', '2015-11-24 01:45:02', 51),
(30, 21, 28, 4500000, '', '', '', '3', '2015-11-24 22:17:45', 53),
(32, 19, 28, 100000, '', '', '', '4', '2015-11-25 17:14:01', 54),
(39, 8, 22, 4500000, '', '', '', '1', '2016-02-16 13:25:32', 70),
(40, 17, 49, 500000, '', '', '', '1', '2016-03-04 01:37:11', 80),
(41, 18, 28, 2500000, '', '', '', '1', '2016-03-04 01:57:11', 82),
(42, 19, 28, 800000, '', '', '', '1', '2016-05-23 11:48:09', 85),
(43, 19, 28, 800000, '', '', '', 'custom payment', '2016-06-17 09:54:09', 85),
(44, 19, 28, 800000, '', '', '', 'custompayment', '2016-06-17 09:57:18', 85),
(45, 19, 28, 500000, '', '', '', 'custompayment', '2016-06-17 10:00:01', 85),
(46, 19, 28, 800000, '', '', '', 'custompayment', '2016-06-17 10:04:25', 85),
(47, 19, 28, 800000, '', '', '', '5', '2016-06-17 10:12:07', 85),
(48, 19, 28, 800000, '', '', '', '1', '2016-06-17 10:39:23', 88),
(49, 19, 28, 800000, '', '', '', '1', '2016-06-17 10:39:45', 87),
(50, 19, 28, 800000, '', '', '', '5', '2016-06-17 12:31:25', 87),
(51, 19, 28, 800000, '', '', '', '5', '2016-06-17 13:19:05', 87),
(52, 19, 28, 800000, '', '', '', '1', '2016-06-17 13:34:18', 89),
(53, 19, 28, 800000, '', '', '', '5', '2016-06-17 13:35:34', 89),
(54, 19, 28, 800000, '', '', '', '5', '2016-06-20 22:02:51', 89),
(55, 19, 28, 800000, '', '', '', '5', '2016-06-20 22:07:16', 89),
(56, 19, 28, 800000, '', '', '', '5', '2016-06-20 22:09:25', 89),
(57, 19, 28, 800000, '', '', '', '5', '2016-06-20 22:10:25', 89),
(58, 19, 28, 800000, '', '', '', '5', '2016-06-20 22:14:30', 89),
(59, 19, 28, 800000, '', '', '', '5', '2016-06-20 22:16:59', 89),
(60, 19, 28, 800000, '', '', '', '5', '2016-06-20 22:35:57', 89),
(61, 19, 28, 800000, '', '', '', '5', '2016-06-20 22:35:57', 89),
(62, 19, 28, 800000, '', '', '', '5', '2016-06-20 22:38:01', 89),
(63, 19, 28, 800000, '', '', '', '5', '2016-06-20 22:38:43', 89),
(64, 19, 28, 800000, '', '', '', '5', '2016-06-20 22:41:27', 89),
(65, 19, 28, 800000, '', '', '', '5', '2016-06-20 22:45:57', 89),
(66, 19, 28, 800000, '', '', '', '5', '2016-06-20 22:47:45', 89),
(67, 19, 28, 800000, '', '', '', '5', '2016-06-20 22:59:17', 89),
(68, 19, 28, 800000, '', '', '', '5', '2016-06-21 22:05:25', 89),
(69, 19, 28, 800000, '', '', '', '5', '2016-06-21 22:08:18', 89),
(70, 19, 28, 800000, '', '', '', '5', '2016-06-21 22:11:02', 89),
(71, 19, 28, 800000, '', '', '', '5', '2016-06-21 22:14:07', 89),
(72, 19, 28, 800000, '', '', '', '5', '2016-06-21 22:16:26', 89),
(73, 19, 28, 800000, '', '', '', '5', '2016-06-21 22:19:34', 89),
(74, 19, 28, 800000, '', '', '', '5', '2016-06-22 00:18:31', 89),
(75, 19, 28, 800000, '', '', '', '5', '2016-06-22 00:20:32', 89),
(76, 19, 28, 800000, '', '', '', '5', '2016-06-22 00:27:11', 89),
(77, 19, 28, 800000, '', '', '', '5', '2016-06-22 01:23:30', 89),
(78, 19, 28, 800000, '', '', '', '5', '2016-06-22 01:28:56', 89),
(79, 19, 28, 800000, '', '', '', '5', '2016-06-22 01:31:21', 89),
(80, 19, 28, 800000, '', '', '', '5', '2016-06-22 01:34:02', 89),
(81, 19, 28, 800000, '', '', '', '5', '2016-06-22 01:45:26', 89),
(82, 19, 28, 800000, '', '', '', '5', '2016-06-22 01:47:49', 89),
(83, 19, 28, 800000, '', '', '', '5', '2016-06-22 01:50:38', 89),
(84, 19, 28, 800000, '', '', '', '5', '2016-06-22 01:54:31', 89),
(85, 19, 28, 800000, '', '', '', '5', '2016-06-22 07:55:59', 89),
(86, 19, 28, 800000, '', '', '', '5', '2016-06-22 07:58:32', 89),
(87, 19, 28, 800000, '', '', '', '5', '2016-06-22 08:05:16', 89),
(88, 19, 28, 800000, '', '', '', '5', '2016-06-22 08:08:51', 89),
(89, 19, 28, 800000, '', '', '', '5', '2016-06-22 08:11:12', 89),
(90, 19, 28, 800000, '', '', '', '5', '2016-06-22 08:14:30', 89),
(91, 19, 28, 800000, '', '', '', '5', '2016-06-22 08:15:57', 89),
(92, 19, 28, 800000, '', '', '', '5', '2016-06-22 08:18:20', 89),
(93, 19, 28, 800000, '', '', '', '5', '2016-06-22 08:22:53', 89),
(94, 19, 28, 800000, '', '', '', '5', '2016-06-22 08:24:16', 89),
(95, 19, 28, 800000, '', '', '', '5', '2016-06-22 08:27:11', 89),
(96, 19, 28, 800000, '', '', '', '5', '2016-06-22 08:29:16', 89),
(97, 19, 28, 800000, '', '', '', '5', '2016-06-22 08:30:18', 89),
(98, 19, 28, 800000, '', '', '', '5', '2016-06-22 08:31:36', 89),
(99, 19, 28, 800000, '', '', '', '5', '2016-06-22 08:33:07', 89),
(100, 19, 28, 800000, '', '', '', '5', '2016-06-22 08:35:18', 89),
(101, 19, 28, 800000, '', '', '', '5', '2016-06-22 08:36:31', 89),
(102, 19, 28, 800000, '', '', '', '5', '2016-06-22 08:39:09', 89),
(103, 19, 28, 800000, '', '', '', '5', '2016-06-22 08:40:47', 89),
(104, 19, 28, 800000, '', '', '', '5', '2016-06-22 08:43:01', 89),
(105, 19, 28, 800000, '', '', '', '5', '2016-06-22 08:55:44', 89),
(106, 19, 28, 800000, '', '', '', '5', '2016-06-22 08:59:39', 89),
(107, 19, 28, 800000, '', '', '', '5', '2016-06-22 09:00:29', 89),
(108, 19, 28, 800000, '', '', '', '5', '2016-06-22 09:03:10', 89),
(109, 19, 28, 800000, '', '', '', '5', '2016-06-22 09:19:30', 89),
(110, 19, 28, 800000, '', '', '', '5', '2016-06-22 09:20:11', 89),
(111, 19, 28, 800000, '', '', '', '1', '2016-06-23 11:04:27', 88),
(112, 18, 28, 2500000, '', '', '', '1', '2016-06-23 11:04:37', 82),
(113, 19, 28, 800000, '', '', '', '1', '2016-06-23 23:22:59', 88),
(114, 17, 28, 1500000, '', '', '', '1', '2016-06-23 23:24:57', 88),
(115, 19, 28, 800000, '', '', '', '1', '2016-06-23 23:26:29', 88),
(116, 18, 28, 2500000, '', '', '', '1', '2016-06-23 23:30:58', 88),
(117, 19, 28, 800000, '', '', '', '1', '2016-06-23 23:42:17', 94),
(118, 20, 49, 3560000, '', '', '', '1', '2016-06-23 23:51:17', 95),
(119, 20, 49, 3560000, '', '', '', '1', '2016-06-23 23:52:25', 95),
(120, 20, 49, 3560000, '', '', '', '1', '2016-06-23 23:53:03', 95),
(121, 20, 49, 3560000, '', '', '', '5', '2016-06-24 11:18:10', 95),
(122, 19, 28, 800000, '', '', '', '1', '2016-06-24 11:22:00', 89),
(123, 19, 28, 800000, '', '', '', '1', '2016-06-24 11:26:00', 87),
(124, 19, 28, 800000, '', '', '', '5', '2016-06-24 11:43:27', 87);

-- --------------------------------------------------------

--
-- Table structure for table `pbfr`
--

CREATE TABLE IF NOT EXISTS `pbfr` (
  `id` int(11) NOT NULL AUTO_INCREMENT,
  `properties_id` int(11) NOT NULL,
  `building` varchar(255) NOT NULL,
  `floor` varchar(255) NOT NULL,
  `room` varchar(255) NOT NULL,
  `status` varchar(255) NOT NULL,
  PRIMARY KEY (`id`)
) ENGINE=InnoDB  DEFAULT CHARSET=latin1 AUTO_INCREMENT=575 ;

--
-- Dumping data for table `pbfr`
--

INSERT INTO `pbfr` (`id`, `properties_id`, `building`, `floor`, `room`, `status`) VALUES
(7, 20, '1', '4', 'K', '0'),
(10, 20, '2', '4', 'K', '0'),
(11, 23, '1', '1', 'J', '1'),
(16, 8, '1', '5', '2', '1'),
(17, 8, '1', '6', '2', '0'),
(18, 8, '1', '6', '3', '1'),
(19, 8, '1', '5', '3', '1'),
(20, 8, '1', '4', '3', '1'),
(21, 8, '1', '5', '4', '0'),
(22, 8, '1', '6', '1', '0'),
(23, 8, '1', '6', '4', '1'),
(25, 19, '1', '1', 'G', '1'),
(27, 8, '1', '4', '4', '1'),
(28, 21, '1', '4', 'C', '1'),
(29, 21, '1', '4', 'D', '1'),
(32, 24, '2', 'asdfasd', '2', '0'),
(33, 8, '1', '4', '1', '1'),
(34, 8, '1', '4', '2', '1'),
(35, 8, '1', '5', '1', '0'),
(37, 18, '1', '4', '1', '1'),
(38, 22, '1', '4', '1', '0'),
(39, 22, '1', '4', '2', '0'),
(40, 22, '1', '4', '3', '0'),
(41, 22, '1', '4', '4', '0'),
(42, 17, '1', '1', '1', '1'),
(62, 20, '1', '5', 'K', '0'),
(64, 20, '1', '6', 'K', '0'),
(66, 20, '1', '7', 'K', '0'),
(68, 20, '1', '8', 'K', '0'),
(70, 20, '1', '9', 'K', '0'),
(72, 20, '1', '10', 'K', '0'),
(74, 20, '1', '11', 'K', '0'),
(76, 20, '1', '12', 'K', '0'),
(78, 20, '1', '13', 'K', '0'),
(80, 20, '1', '14', 'K', '0'),
(82, 20, '1', '15', 'K', '0'),
(134, 20, '2', '5', 'K', '0'),
(136, 20, '2', '6', 'K', '0'),
(138, 20, '2', '7', 'K', '0'),
(140, 20, '2', '8', 'K', '0'),
(143, 20, '2', '9', 'K', '0'),
(144, 20, '2', '10', 'K', '1'),
(145, 20, '2', '11', 'K', '0'),
(147, 20, '2', '14', 'K', '0'),
(148, 20, '15', '15', 'K', '0'),
(149, 20, '2', '15', 'K', '0'),
(151, 17, '1', '4', '3', '1'),
(152, 17, '1', '4', '4', '1'),
(153, 17, '1', '5', '3', '1'),
(154, 17, '1', '5', '4', '1'),
(155, 17, '2', '4', '1', '1'),
(156, 17, '2', '4', '4', '1'),
(157, 17, '2', '5', '3', '1'),
(159, 17, '1', '7', '3', '1'),
(160, 17, '1', '8', '3', '1'),
(162, 17, '1', '9', '4', '1'),
(163, 17, '1', '10', '3', '1'),
(164, 17, '1', '10', '4', '1'),
(165, 17, '1', '11', '3', '1'),
(166, 17, '1', '11', '4', '1'),
(167, 17, '1', '15', '3', '1'),
(168, 17, '1', '15', '4', '1'),
(169, 22, '1', '4', '5', '0'),
(170, 17, '1', '12', '3', '1'),
(171, 22, '1', '5', '1', '0'),
(172, 17, '1', '12', '4', '1'),
(173, 22, '1', '5', '2', '0'),
(174, 17, '1', '14', '3', '1'),
(175, 22, '1', '5', '3', '0'),
(176, 17, '1', '14', '4', '1'),
(177, 22, '1', '5', '4', '0'),
(178, 22, '1', '5', '5', '0'),
(179, 17, '2', '4', '3', '1'),
(180, 22, '1', '6', '1', '0'),
(181, 22, '1', '6', '2', '0'),
(182, 17, '2', '4', '3', '1'),
(183, 22, '1', '6', '3', '0'),
(184, 22, '1', '6', '4', '0'),
(185, 22, '1', '6', '5', '0'),
(186, 22, '1', '7', '1', '0'),
(187, 22, '1', '7', '2', '0'),
(188, 22, '1', '7', '3', '0'),
(189, 22, '1', '7', '4', '0'),
(190, 22, '1', '7', '5', '0'),
(191, 22, '1', '8', '1', '0'),
(192, 22, '1', '8', '2', '0'),
(193, 22, '1', '8', '3', '0'),
(194, 22, '1', '8', '4', '0'),
(195, 22, '1', '8', '5', '0'),
(196, 17, '2', '6', '3', '1'),
(197, 17, '2', '6', '4', '1'),
(198, 17, '2', '8', '3', '1'),
(199, 17, '2', '8', '4', '1'),
(200, 17, '2', '9', '3', '1'),
(202, 17, '2', '10', '3', '1'),
(203, 17, '2', '11', '3', '1'),
(204, 17, '2', '11', '4', '1'),
(205, 17, '2', '12', '3', '1'),
(206, 17, '2', '12', '4', '1'),
(207, 17, '2', '14', '3', '1'),
(208, 17, '2', '14', '4', '1'),
(209, 17, '2', '15', '3', '1'),
(210, 17, '2', '15', '4', '1'),
(211, 23, '1', '4', 'J', '0'),
(213, 23, '1', '5', 'J', '0'),
(215, 23, '1', '6', 'J', '0'),
(216, 23, '1', '7', 'J', '0'),
(217, 23, '1', '8', 'J', '0'),
(218, 22, '1', '9', '1', '0'),
(219, 23, '1', '9', 'J', '0'),
(220, 22, '1', '9', '2', '0'),
(221, 22, '1', '9', '3', '0'),
(222, 22, '1', '9', '4', '0'),
(223, 23, '1', '10', 'J', '0'),
(224, 22, '1', '9', '5', '0'),
(225, 22, '1', '10', '1', '0'),
(227, 22, '1', '10', '2', '0'),
(228, 22, '1', '10', '3', '0'),
(229, 22, '1', '10', '4', '0'),
(230, 23, '1', '11', 'J', '0'),
(231, 22, '1', '10', '5', '0'),
(232, 23, '1', '12', 'J', '0'),
(233, 23, '1', '15', 'J', '0'),
(235, 23, '2', '4', 'J', '0'),
(237, 23, '2', '5', 'J', '0'),
(238, 23, '2', '6', 'J', '0'),
(240, 23, '2', '7', 'J', '0'),
(241, 23, '2', '8', 'J', '0'),
(242, 23, '2', '9', 'J', '0'),
(243, 23, '2', '10', 'J', '0'),
(245, 23, '2', '11', 'J', '0'),
(247, 23, '2', '12', 'J', '0'),
(249, 23, '2', '14', 'J', '0'),
(251, 23, '2', '15', 'J', '0'),
(253, 19, '1', '4', 'G', '1'),
(256, 19, '1', '5', 'G', '0'),
(258, 19, '1', '6', 'G', '0'),
(260, 19, '1', '7', 'G', '0'),
(261, 19, '1', '8', 'G', '0'),
(263, 19, '1', '9', 'G', '0'),
(264, 19, '1', '10', 'G', '0'),
(266, 19, '1', '11', 'G', '0'),
(268, 19, '1', '12', 'G', '0'),
(270, 19, '1', '14', 'G', '0'),
(271, 19, '1', '15', 'G', '0'),
(273, 19, '2', '4', 'G', '0'),
(275, 19, '2', '5', 'G', '0'),
(277, 19, '2', '6', 'G', '0'),
(278, 19, '2', '7', 'G', '0'),
(280, 19, '2', '8', 'G', '0'),
(282, 19, '2', '9', 'G', '0'),
(284, 19, '2', '10', 'G', '0'),
(286, 19, '2', '11', 'G', '0'),
(287, 19, '2', '12', 'G', '0'),
(289, 19, '2', '14', 'G', '1'),
(291, 19, '2', '15', 'G', '1'),
(293, 22, '1', '11', '1', '0'),
(294, 22, '1', '11', '2', '0'),
(295, 22, '1', '11', '3', '0'),
(296, 22, '1', '11', '4', '0'),
(297, 22, '1', '11', '5', '0'),
(298, 22, '1', '12', '1', '0'),
(299, 22, '1', '12', '2', '0'),
(300, 22, '1', '12', '3', '0'),
(301, 22, '1', '12', '4', '0'),
(302, 22, '1', '12', '5', '0'),
(303, 22, '1', '14', '1', '0'),
(304, 22, '1', '14', '2', '0'),
(305, 22, '1', '14', '3', '0'),
(306, 22, '1', '14', '4', '0'),
(307, 22, '1', '14', '5', '0'),
(308, 22, '1', '15', '1', '0'),
(309, 22, '1', '15', '2', '0'),
(310, 22, '1', '15', '2', '0'),
(311, 22, '1', '15', '3', '0'),
(312, 22, '1', '15', '3', '0'),
(313, 22, '2', '4', '1', '0'),
(314, 22, '2', '4', '2', '0'),
(315, 22, '2', '4', '3', '0'),
(316, 22, '2', '4', '4', '0'),
(317, 22, '2', '4', '5', '0'),
(318, 22, '2', '5', '5', '0'),
(319, 22, '2', '5', '2', '0'),
(320, 22, '2', '5', '3', '0'),
(321, 22, '2', '5', '4', '0'),
(322, 22, '2', '5', '5', '0'),
(323, 22, '2', '6', '1', '0'),
(324, 22, '2', '6', '2', '0'),
(325, 22, '2', '6', '3', '0'),
(326, 22, '2', '6', '4', '0'),
(327, 22, '2', '6', '5', '0'),
(328, 22, '2', '7', '1', '0'),
(329, 22, '2', '7', '2', '0'),
(330, 22, '2', '7', '3', '0'),
(331, 22, '2', '7', '4', '0'),
(332, 22, '2', '7', '5', '0'),
(333, 22, '2', '8', '1', '0'),
(334, 22, '2', '8', '2', '0'),
(335, 22, '2', '8', '3', '0'),
(336, 22, '2', '8', '4', '0'),
(337, 22, '2', '8', '5', '0'),
(338, 22, '2', '9', '1', '0'),
(339, 22, '2', '9', '2', '0'),
(340, 22, '2', '9', '3', '0'),
(341, 22, '2', '9', '4', '0'),
(342, 22, '2', '9', '5', '0'),
(343, 22, '2', '10', '1', '0'),
(344, 22, '2', '10', '2', '0'),
(345, 22, '2', '10', '3', '0'),
(346, 22, '2', '10', '4', '0'),
(348, 22, '2', '10', '5', '0'),
(349, 22, '2', '11', '1', '0'),
(350, 22, '2', '11', '2', '0'),
(351, 22, '2', '11', '3', '0'),
(352, 22, '2', '11', '4', '0'),
(353, 22, '2', '11', '5', '0'),
(354, 22, '2', '12', '1', '0'),
(355, 22, '2', '12', '2', '0'),
(356, 22, '2', '12', '3', '0'),
(358, 22, '2', '12', '4', '0'),
(359, 22, '2', '12', '5', '0'),
(360, 22, '2', '14', '1', '0'),
(361, 22, '2', '14', '2', '0'),
(362, 22, '2', '14', '3', '0'),
(363, 22, '2', '14', '4', '0'),
(364, 22, '2', '14', '5', '0'),
(365, 22, '2', '15', '1', '0'),
(366, 22, '2', '15', '2', '0'),
(367, 22, '2', '15', '3', '0'),
(368, 22, '2', '15', '4', '0'),
(369, 22, '2', '15', '5', '0'),
(370, 18, '1', '4', '2', '0'),
(371, 18, '1', '5', '1', '0'),
(372, 18, '1', '5', '2', '0'),
(373, 18, '1', '6', '1', '0'),
(374, 18, '1', '6', '2', '0'),
(375, 18, '1', '7', '1', '0'),
(376, 18, '1', '7', '2', '0'),
(377, 18, '1', '8', '1', '0'),
(378, 18, '1', '8', '2', '0'),
(379, 18, '1', '9', '1', '0'),
(380, 18, '1', '9', '2', '0'),
(381, 18, '1', '10', '1', '0'),
(382, 18, '1', '10', '2', '0'),
(383, 18, '1', '11', '1', '0'),
(384, 18, '1', '11', '2', '0'),
(385, 18, '1', '12', '1', '0'),
(386, 18, '1', '12', '2', '0'),
(387, 18, '1', '14', '1', '0'),
(388, 18, '1', '14', '2', '0'),
(389, 18, '1', '15', '1', '0'),
(390, 18, '1', '15', '2', '0'),
(391, 18, '2', '4', '1', '0'),
(392, 18, '2', '4', '2', '0'),
(396, 18, '2', '5', '1', '0'),
(397, 18, '2', '5', '2', '0'),
(400, 18, '2', '6', '1', '0'),
(401, 18, '2', '6', '2', '0'),
(402, 18, '2', '7', '1', '0'),
(403, 18, '2', '7', '2', '0'),
(404, 18, '2', '8', '1', '0'),
(405, 18, '2', '8', '2', '0'),
(406, 18, '2', '9', '1', '0'),
(407, 18, '2', '9', '2', '0'),
(408, 18, '2', '10', '1', '0'),
(409, 18, '2', '10', '2', '1'),
(410, 18, '2', '11', '1', '0'),
(411, 18, '2', '11', '2', '0'),
(412, 18, '2', '12', '1', '0'),
(413, 18, '2', '12', '2', '0'),
(414, 18, '2', '14', '1', '0'),
(415, 18, '2', '14', '2', '0'),
(416, 18, '2', '15', '1', '0'),
(417, 18, '2', '15', '2', '0'),
(418, 20, '2', '12', 'K', '0'),
(420, 21, '1', '5', 'C', '0'),
(421, 21, '1', '5', 'D', '0'),
(424, 21, '1', '6', 'C', '0'),
(425, 21, '1', '6', 'D', '0'),
(427, 21, '1', '7', 'C', '0'),
(428, 21, '1', '7', 'D', '0'),
(430, 21, '1', '8', 'C', '0'),
(431, 21, '1', '8', 'D', '0'),
(433, 21, '1', '9', 'C', '0'),
(434, 21, '1', '9', 'D', '0'),
(436, 21, '1', '10', 'C', '0'),
(437, 21, '1', '10', 'D', '0'),
(440, 21, '1', '11', 'C', '0'),
(441, 21, '1', '11', 'D', '0'),
(443, 21, '1', '12', 'C', '0'),
(444, 21, '1', '12', 'D', '0'),
(446, 21, '1', '14', 'C', '0'),
(447, 21, '1', '14', 'D', '0'),
(449, 21, '1', '15', 'C', '0'),
(450, 21, '1', '15', 'D', '0'),
(452, 21, '2', '4', 'C', '0'),
(453, 21, '2', '4', 'D', '0'),
(455, 21, '2', '5', 'C', '0'),
(456, 21, '2', '5', 'D', '0'),
(458, 21, '2', '6', 'C', '0'),
(459, 21, '2', '6', 'D', '0'),
(461, 21, '2', '7', 'C', '0'),
(462, 21, '2', '7', 'D', '0'),
(464, 21, '2', '8', 'C', '0'),
(465, 21, '2', '8', 'D', '0'),
(467, 21, '2', '9', 'C', '0'),
(468, 21, '2', '9', 'D', '0'),
(470, 21, '2', '10', 'C', '0'),
(471, 21, '2', '10', 'D', '0'),
(473, 21, '2', '11', 'C', '0'),
(474, 21, '2', '11', 'D', '0'),
(476, 21, '2', '12', 'C', '0'),
(477, 21, '2', '12', 'D', '0'),
(479, 21, '2', '14', 'C', '0'),
(480, 21, '2', '14', 'D', '0'),
(482, 21, '2', '15', 'C', '0'),
(483, 21, '2', '15', 'D', '0'),
(485, 8, '1', '7', '1', '0'),
(486, 8, '1', '7', '2', '0'),
(487, 8, '1', '7', '3', '0'),
(488, 8, '1', '7', '4', '0'),
(489, 8, '1', '8', '1', '0'),
(490, 8, '1', '8', '2', '0'),
(491, 8, '1', '8', '3', '0'),
(492, 8, '1', '8', '4', '0'),
(493, 8, '1', '9', '1', '0'),
(494, 8, '1', '9', '2', '0'),
(495, 8, '1', '9', '3', '0'),
(496, 8, '1', '9', '4', '0'),
(497, 8, '1', '10', '1', '0'),
(498, 8, '1', '10', '2', '0'),
(499, 8, '1', '10', '3', '0'),
(500, 8, '1', '10', '4', '0'),
(501, 8, '1', '11', '1', '0'),
(502, 8, '1', '11', '2', '0'),
(503, 8, '1', '11', '3', '0'),
(504, 8, '1', '11', '4', '0'),
(505, 8, '1', '12', '1', '0'),
(506, 8, '1', '12', '2', '0'),
(507, 8, '1', '12', '3', '0'),
(508, 8, '1', '12', '4', '0'),
(509, 8, '1', '14', '1', '0'),
(510, 8, '1', '14', '2', '0'),
(511, 8, '1', '14', '3', '0'),
(512, 8, '1', '14', '4', '0'),
(513, 8, '1', '15', '1', '0'),
(514, 8, '1', '15', '2', '0'),
(515, 8, '1', '15', '3', '0'),
(516, 8, '1', '15', '4', '0'),
(541, 16, '1', '10', 'A', '0'),
(542, 16, '1', '10', 'b', '0'),
(543, 16, '1', '10', 'e', '0'),
(544, 16, '1', '10', 'f', '0'),
(545, 16, '1', '10', 'h', '0'),
(546, 16, '2', '10', 'a', '0'),
(547, 16, '2', '10', 'b', '0'),
(548, 16, '2', '10', 'e', '0'),
(549, 16, '2', '10', 'f', '0'),
(550, 16, '2', '10', 'h', '0'),
(551, 16, '1', '11', 'a', '0'),
(552, 16, '1', '11', 'b', '0'),
(553, 16, '1', '11', 'e', '0'),
(554, 16, '2', '11', 'h', '0'),
(555, 16, '1', '12', 'a', '0'),
(556, 16, '1', '12', 'b', '0'),
(557, 16, '1', '12', 'e', '0'),
(558, 16, '1', '12', 'f', '0'),
(559, 16, '1', '12', 'h', '0'),
(560, 16, '2', '12', 'a', '0'),
(561, 16, '2', '12', 'b', '0'),
(562, 16, '2', '12', 'e', '0'),
(563, 16, '2', '12', 'f', '0'),
(564, 16, '2', '12', 'h', '0'),
(565, 16, '1', '14', 'a', '0'),
(566, 16, '1', '14', 'b', '0'),
(567, 16, '1', '14', 'e', '0'),
(568, 16, '1', '14', 'f', '0'),
(569, 16, '1', '14', 'h', '0'),
(570, 16, '2', '14', 'a', '0'),
(571, 16, '2', '14', 'b', '0'),
(572, 16, '2', '15', 'e', '0'),
(573, 16, '2', '14', 'f', '0'),
(574, 16, '2', '14', 'h', '0');

-- --------------------------------------------------------

--
-- Table structure for table `properties`
--

CREATE TABLE IF NOT EXISTS `properties` (
  `id` int(11) NOT NULL AUTO_INCREMENT,
  `panotour` varchar(255) NOT NULL,
  `title` varchar(255) NOT NULL,
  `img_name` varchar(255) NOT NULL,
  `unit_type` varchar(255) NOT NULL,
  `location` varchar(255) NOT NULL,
  `price` varchar(255) NOT NULL,
  `status` varchar(255) NOT NULL,
  `created_at` timestamp NOT NULL DEFAULT CURRENT_TIMESTAMP ON UPDATE CURRENT_TIMESTAMP,
  PRIMARY KEY (`id`)
) ENGINE=InnoDB  DEFAULT CHARSET=latin1 AUTO_INCREMENT=24 ;

--
-- Dumping data for table `properties`
--

INSERT INTO `properties` (`id`, `panotour`, `title`, `img_name`, `unit_type`, `location`, `price`, `status`, `created_at`) VALUES
(8, '2BR1', 'Suntrust Parkview ( 2BR )', 'img_2015-05-06-09-06-08_5549bd607df78.jpg', '2 Bedroom', 'Ermita, Manila 2', '4500000', 'Reserved', '2016-03-04 01:11:00'),
(16, '2BR4', 'Suntrust Kirana ( 2BR )', 'img_2015-05-07-07-44-50_554afbd2d5593.jpg', '2 Bedroom', 'Urbank Velasco Ave, Pasig', '2500000', 'Reserved', '2016-03-04 01:12:56'),
(17, '1BR2', 'Suntrust Ascentia ( 1BR )', 'img_2015-05-07-07-34-10_554af952ec653.jpg', '1 Bedroom', 'Sta.Ana, Manila', '1500000', 'Reserved', '2016-06-17 10:49:38'),
(18, '2BR2', 'Suntrust Kirana( 2BR )', 'img_2015-05-07-07-45-46_554afc0a2e657.jpg', '2 Bedroom', 'Urbank Velasco Ave, Pasig', '2500000', 'Available', '2016-03-04 00:16:21'),
(19, 'StudioType', 'Suntrust Ascentia ( Studio )', 'img_2015-05-07-07-47-20_554afc68bcd49.jpg', 'Studio', 'Sta.Ana, Manila', '800000', 'Available', '2016-03-04 02:07:58'),
(20, '2BR2', 'Suntrust Ascentia ( Studio )', 'img_2015-05-07-07-48-10_554afc9ac74b7.jpg', 'Studio', 'Sta.Ana, Manila', '3560000', 'Available', '2016-02-18 14:22:06'),
(21, '1BR3', 'Suntrust Parkview ( 1BR )', 'img_2015-10-07-07-56-01_56145f9161739.jpg', '1 Bedroom', 'Ermita, Manila 1', '4500000', 'Available', '2016-03-04 01:12:14'),
(22, 'Studio2', 'Suntrust Kirana ( Studio )', 'img_2015-05-07-07-49-43_554afcf748e69.jpg', 'Studio', 'Urbank Velasco Ave, Pasig', '1000000', 'Available', '2015-08-09 23:43:05'),
(23, 'StudioType', 'Suntrust Ascentia ( Studio )', 'img_2015-05-07-07-50-06_554afd0ee7ec2.jpg', 'Studio', 'Sta.Ana, Manila', '800000', 'Available', '2015-08-09 23:43:23');

-- --------------------------------------------------------

--
-- Table structure for table `p_building`
--

CREATE TABLE IF NOT EXISTS `p_building` (
  `id` int(11) NOT NULL AUTO_INCREMENT,
  `properties_id` int(11) NOT NULL,
  `building_name` varchar(255) NOT NULL,
  PRIMARY KEY (`id`)
) ENGINE=InnoDB  DEFAULT CHARSET=latin1 AUTO_INCREMENT=3 ;

--
-- Dumping data for table `p_building`
--

INSERT INTO `p_building` (`id`, `properties_id`, `building_name`) VALUES
(2, 12, '2');

-- --------------------------------------------------------

--
-- Table structure for table `p_floor`
--

CREATE TABLE IF NOT EXISTS `p_floor` (
  `id` int(11) NOT NULL AUTO_INCREMENT,
  `building_id` int(11) NOT NULL,
  `floor_name` varchar(255) NOT NULL,
  PRIMARY KEY (`id`)
) ENGINE=InnoDB DEFAULT CHARSET=latin1 AUTO_INCREMENT=1 ;

-- --------------------------------------------------------

--
-- Table structure for table `p_room`
--

CREATE TABLE IF NOT EXISTS `p_room` (
  `id` int(11) NOT NULL AUTO_INCREMENT,
  `floor_id` int(11) NOT NULL,
  `room_name` varchar(255) NOT NULL,
  `status` varchar(255) NOT NULL,
  PRIMARY KEY (`id`)
) ENGINE=InnoDB DEFAULT CHARSET=latin1 AUTO_INCREMENT=1 ;

-- --------------------------------------------------------

--
-- Table structure for table `ticket`
--

CREATE TABLE IF NOT EXISTS `ticket` (
  `id` int(11) NOT NULL AUTO_INCREMENT,
  `properties_id` int(11) NOT NULL,
  `customer` varchar(255) NOT NULL,
  `agent` varchar(255) NOT NULL,
  `created_at` varchar(255) NOT NULL,
  `status` varchar(255) NOT NULL,
  `pbfr_id` int(11) NOT NULL,
  PRIMARY KEY (`id`)
) ENGINE=InnoDB  DEFAULT CHARSET=latin1 AUTO_INCREMENT=96 ;

--
-- Dumping data for table `ticket`
--

INSERT INTO `ticket` (`id`, `properties_id`, `customer`, `agent`, `created_at`, `status`, `pbfr_id`) VALUES
(40, 8, 'jbuhian', 'umc_division2@outlook.com', '2015-07-13 19:33:07', '1', 21),
(41, 23, 'Mkbhd22', 'Gerard Miranda', '2015-07-13 19:38:41', '2', 11),
(42, 8, 'samsoriano', 'ucanreachcecil@yahoo.com', '2015-07-13 19:31:14', '2', 16),
(43, 20, 'juan', 'Gerard Miranda', '2015-11-25 20:51:23', '1', 9),
(50, 19, 'juan', 'jebautista2002@yahoo.com', '2015-11-24 01:08:07', '2', 25),
(51, 21, 'client', 'Gerard Miranda', '2015-11-25 20:52:53', '1', 28),
(53, 21, 'jayjaay', 'Gerard Miranda', '2016-02-14 06:17:45', '3', 29),
(54, 19, 'jayjaay', 'Gerard Miranda', '2016-03-04 02:27:12', '3', 24),
(70, 8, 'juan', 'Gerard Miranda', '2016-02-16 21:26:53', '3', 34),
(71, 8, 'jayjaay', '', '2016-03-01 21:26:01', '0', 21),
(72, 20, 'jayjaay', 'Gerard Miranda', '2016-03-02 22:34:20', '1', 13),
(73, 22, 'jayjaay', 'Gerard Miranda', '2016-03-03 14:27:57', '1', 39),
(74, 20, 'jayjaay', '', '2016-03-03 14:43:26', '0', 44),
(75, 20, 'jayjaay', 'Gerard Miranda', '2016-03-03 19:00:23', '1', 7),
(76, 8, 'jayjaay', 'Gerard Miranda', '2016-03-03 18:59:58', '1', 35),
(77, 20, 'beth', '', '2016-03-03 19:02:57', '0', 50),
(78, 16, 'jayjaay', '', '2016-03-03 21:57:47', '0', 36),
(79, 16, 'jayjaay', '', '2016-03-03 22:06:22', '0', 86),
(80, 17, 'beth', 'jebautista2002@yahoo.com', '2016-03-04 01:37:11', '2', 198),
(81, 22, 'beth', 'Gerard Miranda', '2016-03-04 01:54:01', '1', 193),
(82, 18, 'jayjaay', 'Binsi721', '2016-06-23 11:04:37', '2', 409),
(83, 18, 'jayjaay', '', '2016-05-23 09:15:00', '0', 400),
(84, 18, 'jayjaay', '', '2016-05-23 09:26:13', '0', 403),
(85, 19, 'jayjaay', 'Gerard Miranda', '2016-05-23 11:48:07', '2', 253),
(86, 20, 'jayjaay', '', '2016-06-06 16:51:40', '0', 146),
(87, 19, 'jayjaay', 'Binsi721', '2016-06-24 11:26:00', '2', 289),
(88, 18, 'jayjaay', 'Binsi721', '2016-06-23 23:30:58', '2', 290),
(89, 19, 'jayjaay', 'Binsi721', '2016-06-24 11:22:00', '2', 267),
(90, 19, 'jayjaay', '', '2016-06-22 07:31:14', '0', 262),
(91, 19, 'jayjaay', '', '2016-06-22 07:33:15', '0', 262),
(92, 19, 'jayjaay', '', '2016-06-22 07:33:34', '0', 262),
(93, 19, 'jayjaay', 'Binsi721', '2016-06-22 09:07:23', '3', 262),
(94, 19, 'jayjaay', 'Binsi721', '2016-06-23 23:42:17', '2', 291),
(95, 20, 'beth', 'Binsi721', '2016-06-23 23:53:03', '2', 144);

-- --------------------------------------------------------

--
-- Table structure for table `user`
--

CREATE TABLE IF NOT EXISTS `user` (
  `id` int(11) NOT NULL AUTO_INCREMENT,
  `username` varchar(255) NOT NULL,
  `password` varchar(255) NOT NULL,
  `email` varchar(255) NOT NULL,
  `created_at` datetime NOT NULL,
  `role_id` int(11) NOT NULL,
  `name` varchar(255) NOT NULL,
  `age` varchar(255) NOT NULL,
  `address` varchar(255) NOT NULL,
  `civil_status` varchar(255) NOT NULL,
  `nationality` varchar(255) NOT NULL,
  `contact_name` varchar(255) NOT NULL,
  `contact_email` varchar(255) NOT NULL,
  PRIMARY KEY (`id`)
) ENGINE=InnoDB  DEFAULT CHARSET=latin1 AUTO_INCREMENT=65 ;

--
-- Dumping data for table `user`
--

INSERT INTO `user` (`id`, `username`, `password`, `email`, `created_at`, `role_id`, `name`, `age`, `address`, `civil_status`, `nationality`, `contact_name`, `contact_email`) VALUES
(1, 'admin', 'admin', 'Manila_Sun_trust@outlook.com', '2015-04-29 00:00:00', 6, 'Yashi', '', 'Ground floor One world Square, Mckinley Hills Fort Bonifacio, Taguig, Metro Manila', 'single', 'local', 'Yashi Calugonan', 'Manila_Sun_trust@outlook.com'),
(21, 'client', 'client', 'bjpcapstone@gmail.com', '2015-05-10 18:13:07', 1, 'Client', '23', '', 'single', 'local', '', ''),
(22, 'juan', 'juan', 'aljon254@yahoo.com', '2015-05-11 03:29:27', 1, 'juan', '24', 'a', 'married', 'foreign', 'aa', 'aa'),
(23, 'maistroke', 'fatalbonds21', 'jayonline214@gmail.com', '2015-05-11 21:06:08', 1, 'james', '20', 'Manila', 'single', 'local', '', ''),
(27, 'Binsi721', 'binsi721', 'vinzie_03@yahoo.com', '2015-06-26 00:26:16', 5, 'Vinzie Angelo', '35', 'Sta. Ana Manila', 'married', 'local', '', ''),
(28, 'jayjaay', 'jayjaay1', 'jayjaypalmero@gmail.com', '2015-06-26 00:29:27', 1, 'Jayjay Palmero', '20', 'Makati', 'single', 'local', '', ''),
(29, 'jm.bustria', 'johannjames', 'jessamarie_renz@yahoo.com', '2015-07-06 21:43:49', 1, 'jessa marie bustria', '18', '2730 P.Villanueva st.pasay city', 'single', 'local', '', ''),
(30, 'Gerard Miranda', 'tams123456', 'mirandagerard@yahoo.com', '2015-07-07 23:00:53', 5, 'Gerard Miranda', '20', '153 vcruz st. malibay pasay city', 'single', 'local', '', ''),
(31, 'Mkbhd', 'mkbhd23', 'nikkoreyes.23@gmail.com', '2015-07-12 19:43:58', 0, 'Nikko', '21', 'N/a', 'single', 'local', '', ''),
(32, 'jbuhian', '112345', 'johnbuhian@gmail.com', '2015-07-12 19:46:28', 1, 'John Buhian', '20', '2611 Tower 3, Madison Street, Barangka Ilaya, Mandaluyong City', 'single', 'local', '', ''),
(33, 'Mkbhd22', 'mkbhd22', 'nikkoreyes_23@yahoo.com', '2015-07-12 19:51:04', 1, 'Niks', '21', 'N/a', 'single', 'local', '', ''),
(34, 'christinefernandez', 'wildturtleforlife099', 'ami_matsuki023@yahoo.com', '2015-07-12 19:51:22', 2, 'Christine M. Fernandez', '15', '2711 P. Villanueva ', 'single', 'local', '', ''),
(35, 'leanardj', '09212408133', 'shean.afi@gmail.com', '2015-07-12 20:20:49', 1, 'Leanard', '19', '19 Hossana St. Cubao, Quezon City', 'single', 'local', '', ''),
(36, 'samsoriano', 'Babyblue203018', 'scq_soriano@yahoo.com', '2015-07-12 21:53:09', 1, 'Samantha Camille Q. Soriano', '19', '1740 A. Rivera St. Tondo, Manila', 'single', 'local', '', ''),
(37, 'drizconnie@yahoo.com.ph', 'CONNIE050268', 'drizconnie@yahoo.com.ph', '2015-07-13 05:12:04', 1, 'Connie Driz', '47', 'Makati', 'single', 'local', '', ''),
(38, 'ucanreachcecil@yahoo.com', 'Meimei123#', 'ucanreachcecil@yahoo.com', '2015-07-13 05:13:20', 5, 'Cecil', '46', 'Pasay ', 'married', 'local', '', ''),
(39, 'umc_division2@outlook.com', 'division2', 'umc_division2@outlook.com', '2015-07-13 05:16:00', 5, 'United Millionaires Club', '48', 'Taguig City', 'married', 'local', '', ''),
(40, 'jebautista2002@yahoo.com', 'twoj5252', 'jebautista2002@yahoo.com', '2015-07-13 05:21:15', 5, 'je bautista', '46', 'metro manila', 'married', 'local', '', ''),
(41, 'asf_suntrust@yahoo.com', 'Family28', 'asf_suntrust@yahoo.com', '2015-07-13 05:28:17', 5, 'Arlene Famularcano-Medina', '48', 'Cavite', 'married', 'local', '', ''),
(42, 'kaito', '950712405455', 'geneolivercasala@yahoo.com', '2015-07-20 18:14:48', 1, 'Gene Oliver L. Casala', '27', 'H. Domingo St. Pasay City', 'single', 'local', '', ''),
(43, 'mcrmbautista@outlook.com', 'twoj5252', 'mcrmbautista@outlook.com', '2015-09-16 08:18:35', 0, 'Ma. Cecilia Rowena Majarais Bautista', '46', 'pasay city', 'married', 'local', '', ''),
(48, 'Capstone', 'capstone', 'capstone@gmail.com', '2016-01-12 14:58:45', 0, 'Capstone', '19', 'Makati City', 'single', 'local', '', ''),
(49, 'beth', 'beth', 'beth.elequin_palmero@yahoo.com', '2016-03-03 19:01:35', 1, 'Beth Palmero', '52', 'Makati', 'married', 'local', '', ''),
(50, 'jayonline214', '12345678', 'jay2meup@outlook.com', '2016-05-23 11:18:47', 0, 'johan james bautista', '21', '2314 latorre st sta ana manila', 'single', 'local', '', ''),
(51, 'vinziejucaban', '1234', 'vinzie.jucaban@wizardsgroup.com', '2016-05-23 11:28:59', 0, 'vinzie angelo jucaban', '21', '2433 LA TORRE ST STA ANA MANILA', 'single', 'local', '', ''),
(52, '2jay', '2jay', 'jayonline214@gmail.com', '2016-05-23 11:30:27', 1, 'Johann James Bautista', '21', 'Pasay', 'single', 'local', '', ''),
(53, 'magasawa_38', 'Password1', 'magasawa_38@yahoo.com.ph', '2016-05-30 08:32:11', 1, 'Gerardo Avila', '48', 'Las Pinas, City', 'single', 'local', '', ''),
(54, 'louiedeguzman24@gmail.com', 'Password2', 'louiedeguzman24@gmail.com', '2016-05-30 08:44:21', 0, 'Mark Louie De Guzman', '21', 'Mandaluyong City', 'single', 'local', '', ''),
(55, 'au_simbayo@yahoo.com', 'Password3', 'au_simbayo@yahoo.com', '2016-05-30 08:47:07', 1, 'Aurelyn Gungab', '32', 'Makati City', 'single', 'local', '', ''),
(56, 'nikkiafrica_da@yahoo.com', 'Password4', 'nikkiafrica_da@yahoo.com', '2016-05-30 08:48:54', 0, 'Nikki Africa', '28', 'Makati City', 'single', 'local', '', ''),
(57, 'dee_africa24@gmail.com', 'Password5', 'dee_africa24@gmail.com', '2016-05-30 08:49:36', 0, 'Dominique Africa', '28', 'Makati City', 'single', 'local', '', ''),
(58, 'Arlene Medina', 'Password6', 'umc_division2@outlook.com', '2016-05-30 08:50:29', 0, 'Arlene Medina', '49', 'Silang, Cavite', 'married', 'local', '', ''),
(59, 'jeffsaez@hotmail.com', 'Password7', 'jeffsaez@hotmail.com', '2016-05-30 08:51:17', 0, 'Jeffrey Saez', '48', 'Imus Cavite', 'married', 'local', '', ''),
(60, 'linetpree@yahoo.com', 'Password8', 'linetpree@yahoo.com', '2016-05-30 08:54:23', 0, 'Chona Antone', '40', 'Taguig City', 'married', 'local', '', ''),
(61, 'em200212@yahoo.com', 'Password9', 'em200212@yahoo.com', '2016-05-30 08:56:09', 0, 'Jasmin Estabillo', '28', 'Taguig City', 'single', 'local', '', ''),
(62, 'mairallos_28@yahoo.com', 'Password10', 'mairallos_28@yahoo.com', '2016-05-30 08:58:47', 0, 'Mirasol Rallos', '32', 'Quezon City', 'single', 'local', '', ''),
(63, 'mairallos_28@yahoo.com.ph', 'Password10', 'mairallos_28@yahoo.com.ph', '2016-05-30 11:16:23', 0, 'Mirasol Rallos', '32', 'Quezon City', 'single', 'local', '', ''),
(64, 'antoniolane35@gmail.com', 'Password11', 'antoniolane35@gmail.com', '2016-05-30 11:17:28', 5, 'Antonio Lane', '20', 'Taguig City', 'single', 'local', '', '');

-- --------------------------------------------------------

--
-- Table structure for table `user_role`
--

CREATE TABLE IF NOT EXISTS `user_role` (
  `id` int(11) NOT NULL AUTO_INCREMENT,
  `name` varchar(255) NOT NULL,
  PRIMARY KEY (`id`)
) ENGINE=InnoDB  DEFAULT CHARSET=latin1 AUTO_INCREMENT=7 ;

--
-- Dumping data for table `user_role`
--

INSERT INTO `user_role` (`id`, `name`) VALUES
(0, 'inactive'),
(1, 'customer'),
(2, 'mis agent'),
(3, 'assistant'),
(4, 'manager'),
(5, 'sales agent'),
(6, 'admin');

/*!40101 SET CHARACTER_SET_CLIENT=@OLD_CHARACTER_SET_CLIENT */;
/*!40101 SET CHARACTER_SET_RESULTS=@OLD_CHARACTER_SET_RESULTS */;
/*!40101 SET COLLATION_CONNECTION=@OLD_COLLATION_CONNECTION */;
